{
  "10": {
    "sequence_length": 10,
    "train_mse": 2.8471916611232455,
    "test_mse": 2.8779263742386347,
    "best_epoch": 36,
    "total_epochs": 40,
    "training_time": 38.43941807746887,
    "convergence_speed": 2,
    "parameters": 209803,
    "memory_mb": 0.0,
    "samples_per_second": 4195.693068895174,
    "final_train_loss": 2.8471916611232455,
    "final_test_loss": 2.8779263742386347,
    "train_history": [
      3.5049449110788014,
      3.1996831591167147,
      3.1265041298336453,
      3.0395608175368536,
      3.0231102875300815,
      2.9985721603272455,
      2.974593892930046,
      2.94614591295757,
      2.9576916278354703,
      2.9373226203615705,
      2.9199255496736556,
      2.911892735768878,
      2.903204357813275,
      2.923568979142204,
      2.9057244384099565,
      2.8978990865132164,
      2.9140930365002347,
      2.874187813864814,
      2.877629764496334,
      2.882405640586974,
      2.8820003895532516,
      2.8791433553847057,
      2.8725488677857416,
      2.869074715508355,
      2.882178140065027,
      2.8634600071679976,
      2.866894067279876,
      2.8602784909899275,
      2.8691806263393826,
      2.8623926715245323,
      2.8615454416426402,
      2.8619797267611067,
      2.8555355980282737,
      2.863121191660563,
      2.855340972779289,
      2.862178741939484,
      2.861208192885868,
      2.8614622676183306,
      2.8606067839122953,
      2.8471916611232455
    ],
    "test_history": [
      3.22189884526389,
      3.1654201518921625,
      3.037841374911959,
      3.0088386762709844,
      2.982622226079305,
      2.96660958585285,
      2.9550987784824674,
      2.9427008515312556,
      2.944051017836919,
      2.9327467698899525,
      2.920534955130683,
      2.9259545235406783,
      2.9243616244149586,
      2.9096193351442854,
      2.90405453575982,
      2.9043915177148487,
      2.901687362837413,
      2.8964080886235313,
      2.8962971028827487,
      2.8912406138011386,
      2.8938623118022133,
      2.8876242164581543,
      2.8898446276074363,
      2.8862911424939592,
      2.887392870963566,
      2.8928152682289245,
      2.883111596107483,
      2.8898349773316157,
      2.8842568246145097,
      2.8817670042552646,
      2.881063589974055,
      2.8800710155850364,
      2.884080932253883,
      2.888759423816015,
      2.878952735946292,
      2.8780933164414906,
      2.8769228439482433,
      2.8801856192331465,
      2.88020260182638,
      2.8779263742386347
    ]
  },
  "50": {
    "sequence_length": 50,
    "train_mse": 2.6740404275747447,
    "test_mse": 2.6250809522775502,
    "best_epoch": 39,
    "total_epochs": 40,
    "training_time": 17.183199167251587,
    "convergence_speed": 14,
    "parameters": 209803,
    "memory_mb": 0.0,
    "samples_per_second": 1936.7755489575145,
    "final_train_loss": 2.6740404275747447,
    "final_test_loss": 2.6250809522775502,
    "train_history": [
      3.699561742635874,
      3.3231565952301025,
      3.216058217562162,
      3.1553605519808254,
      3.151578297981849,
      3.1177767790280857,
      3.0758060858799863,
      3.0673452707437368,
      3.020690055993887,
      3.0341794674213114,
      3.037361053320078,
      2.9729894124544582,
      2.977353444466224,
      2.957203223155095,
      2.925320918743427,
      2.92285968707158,
      2.930203914642334,
      2.9322579090411844,
      2.9321993314302883,
      2.905901101919321,
      2.8920662586505594,
      2.893884695493258,
      2.8604757602398214,
      2.8639196982750525,
      2.8437402615180383,
      2.856232551427988,
      2.8214906545785756,
      2.8316513208242564,
      2.828694068468534,
      2.8044866231771617,
      2.79089801128094,
      2.762271550985483,
      2.762234174288236,
      2.7622996110182543,
      2.746291454021747,
      2.7210881343254676,
      2.70619614307697,
      2.6897261142730713,
      2.7022134890923133,
      2.6740404275747447
    ],
    "test_history": [
      3.2425201489375186,
      3.189610774700458,
      3.1278389050410342,
      3.068874010672936,
      3.020927777657142,
      2.991679760125967,
      2.974567101551936,
      2.945577548100398,
      2.930871449984037,
      2.933089091227605,
      2.944213793827937,
      2.9019107818603516,
      2.8989118062532864,
      2.885862185404851,
      2.8762035003075233,
      2.8657620136554423,
      2.861226045168363,
      2.8514994291158824,
      2.8479616458599386,
      2.8480905569516697,
      2.8319255938896766,
      2.8222822409409742,
      2.8157340563260593,
      2.805559066625742,
      2.799907794365516,
      2.788040051093468,
      2.787880989221426,
      2.7767814031014075,
      2.7667957544326782,
      2.76153315947606,
      2.7533160539773793,
      2.7408755742586575,
      2.7287773352402906,
      2.717166863954984,
      2.70242624099438,
      2.684234224832975,
      2.668177320406987,
      2.6564139127731323,
      2.6438753054692197,
      2.6250809522775502
    ]
  },
  "100": {
    "sequence_length": 100,
    "train_mse": 2.864799874169486,
    "test_mse": 2.799484763826643,
    "best_epoch": 39,
    "total_epochs": 40,
    "training_time": 15.80455207824707,
    "convergence_speed": 10,
    "parameters": 209803,
    "memory_mb": 0.0,
    "samples_per_second": 1133.8505457971548,
    "final_train_loss": 2.864799874169486,
    "final_test_loss": 2.799484763826643,
    "train_history": [
      4.459124258586338,
      3.727609600339617,
      3.522797005517142,
      3.331533057349069,
      3.264357396534511,
      3.2277934551239014,
      3.172255720411028,
      3.21320332799639,
      3.155972821371896,
      3.182462045124599,
      3.09161639213562,
      3.0379064764295305,
      3.0398848397391185,
      3.1096383162907193,
      3.072639226913452,
      2.989201613834926,
      3.073598487036569,
      3.0544866153172086,
      2.9917583806174144,
      2.94119245665414,
      2.928701094218663,
      2.96133245740618,
      2.9499992983681813,
      2.9725821358816966,
      3.0078208446502686,
      2.95472856930324,
      2.9528025899614607,
      2.9623185225895474,
      2.972611631665911,
      2.912313665662493,
      2.8953870023999895,
      2.931146110807146,
      2.922583375658308,
      2.8854263510022844,
      2.9437942504882812,
      2.9401180062975203,
      2.82549626486642,
      2.9244045530046736,
      2.8131888253348216,
      2.864799874169486
    ],
    "test_history": [
      3.722316094807216,
      3.46378721509661,
      3.288881812776838,
      3.225879805428641,
      3.181224618639265,
      3.117772000176566,
      3.0690060002463206,
      3.0529821259634837,
      3.00850316456386,
      2.9912024225507463,
      2.979023047855922,
      2.95968873160226,
      2.965725455965315,
      2.953282799039568,
      2.9270027024405345,
      2.9151905264173235,
      2.9257050241742815,
      2.8994972024645125,
      2.897298574447632,
      2.9008468219212125,
      2.8954042366572788,
      2.8850668157849992,
      2.8884759630475725,
      2.8741581780569896,
      2.875845091683524,
      2.8741963590894426,
      2.869755949292864,
      2.8802690846579417,
      2.8599359648568288,
      2.842893736703055,
      2.83609710420881,
      2.8443402222224643,
      2.8300164427076067,
      2.82789523260934,
      2.822351966585432,
      2.812305382319859,
      2.8075301306588307,
      2.802990879331316,
      2.8010072708129883,
      2.799484763826643
    ]
  },
  "500": {
    "sequence_length": 500,
    "train_mse": 2.931418299674988,
    "test_mse": 3.000014066696167,
    "best_epoch": 39,
    "total_epochs": 40,
    "training_time": 15.488730669021606,
    "convergence_speed": 7,
    "parameters": 209803,
    "memory_mb": 0.0,
    "samples_per_second": 330.5629176082394,
    "final_train_loss": 2.931418299674988,
    "final_test_loss": 3.000014066696167,