{
  "10": {
    "sequence_length": 10,
    "train_mse": 3.9772287044525148,
    "test_mse": 4.018273611068725,
    "best_epoch": 32,
    "total_epochs": 40,
    "training_time": 59.69843816757202,
    "convergence_speed": 1,
    "parameters": 209803,
    "memory_mb": 0.0,
    "samples_per_second": 2680.137117672727,
    "final_train_loss": 3.9772287044525148,
    "final_test_loss": 4.018273611068725,
    "train_history": [
      4.488958652496338,
      4.097772218704224,
      4.00427656173706,
      3.988564340591431,
      3.986914352416992,
      3.9836162376403808,
      3.9817081508636476,
      3.986102149963379,
      3.980307350158691,
      3.9798759441375733,
      3.9791479206085203,
      3.9795470371246338,
      3.979681568145752,
      3.9792960529327392,
      3.9804521045684815,
      3.9801473236083984,
      3.980623235702515,
      3.978969106674194,
      3.9777941131591796,
      3.9775271282196045,
      3.9825026378631594,
      3.979455373764038,
      3.979978038787842,
      3.9800058879852296,
      3.981661958694458,
      3.9767550716400146,
      3.9780341873168945,
      3.9785445137023925,
      3.9775010433197022,
      3.97840096282959,
      3.975844627380371,
      3.9783839817047117,
      3.9779839115142823,
      3.978639179229736,
      3.9786874752044676,
      3.982615837097168,
      3.981678825378418,
      3.978695116043091,
      3.977462116241455,
      3.9772287044525148
    ],
    "test_history": [
      4.1797605323791505,
      4.054760740280152,
      4.026225503921509,
      4.01987949180603,
      4.019117435455322,
      4.018638208389282,
      4.018560438156128,
      4.018580320358276,
      4.018557498931885,
      4.0187903442382815,
      4.01894517326355,
      4.018579509735107,
      4.018606035232544,
      4.018241373062134,
      4.018913276672364,
      4.018608316421509,
      4.01831595993042,
      4.0202422676086425,
      4.018975753784179,
      4.049070184707642,
      4.018903593063355,
      4.021074659347534,
      4.018294473648071,
      4.017717203140259,
      4.018968532562256,
      4.019052099227905,
      4.019537651062012,
      4.019054555892945,
      4.0186214332580565,
      4.018224885940552,
      4.020205652236938,
      4.019182964324951,
      4.017314649581909,
      4.024469156265258,
      4.023567249298096,
      4.019965208053589,
      4.019553112030029,
      4.019023097991943,
      4.01874412727356,
      4.018273611068725
    ]
  },
  "50": {
    "sequence_length": 50,
    "train_mse": 3.999356288909912,
    "test_mse": 3.9440845966339113,
    "best_epoch": 15,
    "total_epochs": 26,
    "training_time": 14.661711931228638,
    "convergence_speed": 2,
    "parameters": 209803,
    "memory_mb": 0.0,
    "samples_per_second": 1418.6610743386075,
    "final_train_loss": 3.999356288909912,
    "final_test_loss": 3.9440845966339113,
    "train_history": [
      4.627563180923462,
      4.409621772766113,
      4.208744859695434,
      4.100795307159424,
      4.062854557037354,
      4.04303388595581,
      4.003855466842651,
      3.9992201137542724,
      3.999613037109375,
      3.9936209774017333,
      3.993023738861084,
      3.9909527683258057,
      3.99255651473999,
      3.995827465057373,
      3.992707996368408,
      3.992759075164795,
      3.9894877338409422,
      3.9903857612609865,
      3.9900770378112793,
      3.9958990097045897,
      3.9912249660491943,
      3.9887092876434327,
      3.993832759857178,
      3.987737789154053,
      3.9984477138519288,
      3.999356288909912
    ],
    "test_history": [
      4.475314149856567,
      4.076121063232422,
      4.014904651641846,
      3.9849240970611572,
      3.966421432495117,
      3.9483439445495607,
      3.94980544090271,
      3.9431799697875975,
      3.943041181564331,
      3.940658655166626,
      3.941517848968506,
      3.9419703006744387,
      3.9421116733551025,
      3.94142840385437,
      3.9419359397888183,
      3.939792079925537,
      3.940502414703369,
      3.939936218261719,
      3.942925605773926,
      3.942230911254883,
      3.9418951892852783,
      3.941190843582153,
      3.9408876132965087,
      3.940889434814453,
      3.950604963302612,
      3.9440845966339113
    ]
  },
  "100": {
    "sequence_length": 100,
    "train_mse": 4.096949944129357,
    "test_mse": 3.9893020666562595,
    "best_epoch": 19,
    "total_epochs": 30,
    "training_time": 15.090676069259644,
    "convergence_speed": 2,
    "parameters": 209803,
    "memory_mb": 0.0,
    "samples_per_second": 827.0007216855113,
    "final_train_loss": 4.096949944129357,
    "final_test_loss": 3.9893020666562595,
    "train_history": [
      4.788687082437368,
      4.631275763878455,
      4.389278998741736,
      4.251155798251812,
      4.271880479959341,
      4.2444641039921684,
      4.235509652357835,
      4.160751947989831,
      4.180321986858662,
      4.0846420251406155,
      4.0832764735588665,
      4.095254769692054,
      4.09873551588792,
      4.105176283763005,
      4.072954086156992,
      4.105101255270151,
      4.061952352523804,
      4.067035088172326,
      4.091666551736685,
      4.076917813374446,
      4.059300899505615,
      4.073336637937105,
      4.058919209700364,
      4.086877180979802,
      4.077228931280283,
      4.086006513008704,
      4.079386802820059,
      4.070934589092548,
      4.058276744989248,
      4.096949944129357
    ],
    "test_history": [
      4.446668588198149,
      4.270216593375573,
      4.223343427364643,
      4.1788811683654785,
      4.0227353022648735,
      4.1135810521932745,
      4.030712879621065,
      4.0297037821549635,
      4.018429407706628,
      3.998953635875995,
      3.9971174826988807,
      3.99132016988901,
      3.990598972027118,
      3.9889870423537035,
      3.9907552829155555,
      3.988775711793166,
      3.9888478242433987,
      3.989369594133817,
      3.988235583672157,
      3.988213539123535,
      3.9885904422173133,
      3.9891784374530497,
      3.9898808552668643,
      3.9888499883505015,
      3.989537550852849,
      3.9891750995929423,
      3.9909459810990553,
      3.9888281638805685,
      3.9936081079336314,
      3.9893020666562595
    ]
  },
  "500": {
    "sequence_length": 500,
    "train_mse": 3.980570157368978,
    "test_mse": 4.0265200932820635,
    "best_epoch": 31,
    "total_epochs": 40,
    "training_time": 18.208089113235474,
    "convergence_speed": 3,
    "parameters": 209803,
    "memory_mb": 0.0,
    "samples_per_second": 210.89527715506955,
    "final_train_loss": 3.980570157368978,
    "final_test_loss": 4.0265200932820635,
    "train_history": [
      4.741036415100098,
      4.481533686319987,
      4.406075318654378,
      4.213796774546306,
      4.279694398244222,
      4.336289882659912,
      4.26715620358785,
      4.163476785024007,
      4.2026801109313965,
      4.1433664957682295,
      4.126119931538899,
      4.0809400876363116,
      4.067101399103801,
      4.086105902989705,
      4.060391902923584,
      4.086761315663655,
      4.054153362909953,
      4.026714007059733,
      4.0462517738342285,
      4.037331819534302,
      3.9933341344197593,
      4.026818752288818,
      3.9924303690592446,
      4.000933726628621,
      4.001781145731608,
      4.000813563664754,
      4.036248366038005,
      4.010405540466309,
      3.998689651489258,
      3.9830069541931152,
      3.9805146058400473,
      3.9823718070983887,
      3.9768850803375244,
      3.9761165777842202,
      3.9734697341918945,
      3.9768993854522705,
      3.9811567465464273,
      3.9854052861531577,
      3.975898345311483,
      3.980570157368978
    ],