{
  "1": {
    "sequence_length": 1,
    "train_mse": 3.9709273004419385,
    "test_mse": 4.016573098491127,
    "best_epoch": 14,
    "total_epochs": 15,
    "training_time": 149.75926423072815,
    "convergence_speed": 1,
    "parameters": 209803,
    "memory_mb": 0.0,
    "samples_per_second": 4012.8402278614617,
    "final_train_loss": 3.9709273004419385,
    "final_test_loss": 4.016573098491127,
    "train_history": [
      4.602502662875948,
      4.096434726028706,
      4.027857543638768,
      3.9928034052517587,
      3.9863076535821222,
      3.991946021660258,
      3.9816594984837637,
      3.9801581646300876,
      4.0833797543815455,
      3.9739524977513776,
      3.97149320068909,
      3.995562865174176,
      3.9736920686545796,
      3.981634326996252,
      3.9709273004419385
    ],
    "test_history": [
      4.123792327207011,
      4.040876125549368,
      4.030948466475541,
      4.028743363241442,
      4.027042833378556,
      4.026729186169637,
      4.025921582684706,
      4.024560985972171,
      4.023303804780764,
      4.0205227811627395,
      4.021049623740629,
      4.020725943460561,
      4.0175831753466005,
      4.020235998349222,
      4.016573098491127
    ]
  },
  "10": {
    "sequence_length": 10,
    "train_mse": 3.9833589515686034,
    "test_mse": 4.02468385887146,
    "best_epoch": 13,
    "total_epochs": 15,
    "training_time": 22.10090208053589,
    "convergence_speed": 1,
    "parameters": 209803,
    "memory_mb": 0.0,
    "samples_per_second": 2714.8213127844037,
    "final_train_loss": 3.9833589515686034,
    "final_test_loss": 4.02468385887146,
    "train_history": [
      4.474319417953491,
      4.17183962059021,
      4.091975791931152,
      4.048672441482544,
      4.018645988464355,
      4.024532663345337,
      4.003365371704102,
      4.003318090438842,
      3.999806646347046,
      3.9972210578918457,
      3.9896108207702636,
      3.989598947525024,
      3.9845392360687257,
      3.9885995559692384,
      3.9833589515686034
    ],
    "test_history": [
      4.166492961883545,
      4.0906464309692385,
      4.058794044494629,
      4.041203424453736,
      4.049252767562866,
      4.032859323501587,
      4.034587850570679,
      4.026390340805054,
      4.022873886108399,
      4.028809345245361,
      4.024436058044434,
      4.022696050643921,
      4.02268270111084,
      4.020772216796875,
      4.02468385887146
    ]
  },
  "50": {
    "sequence_length": 50,
    "train_mse": 4.023722057342529,
    "test_mse": 3.956727104187012,
    "best_epoch": 13,
    "total_epochs": 15,
    "training_time": 9.102379083633423,
    "convergence_speed": 1,
    "parameters": 209803,
    "memory_mb": 0.0,
    "samples_per_second": 1318.3366556966034,
    "final_train_loss": 4.023722057342529,
    "final_test_loss": 3.956727104187012,
    "train_history": [
      4.509749116897583,
      4.296223468780518,
      4.223185920715332,
      4.149470815658569,
      4.133999290466309,
      4.106675176620484,
      4.100958881378173,
      4.065150146484375,
      4.045803709030151,
      4.056493692398071,
      4.02858491897583,
      4.032088890075683,
      4.030870275497437,
      4.027864809036255,
      4.023722057342529
    ],
    "test_history": [
      4.079733676910401,
      4.073307609558105,
      4.009506072998047,
      4.029714651107788,
      3.9970150089263914,
      3.970776777267456,
      3.9749239444732667,
      3.965142917633057,
      3.9714956951141356,
      3.963138418197632,
      3.9584842681884767,
      3.9555692291259765,
      3.9532343196868895,
      3.952619028091431,
      3.956727104187012
    ]
  }
}